ID;Ship Name;Rarity;Nation;Type;Luck;Armor;Spd;Health;Firepower;Anti-Air;Torpedo;Evasion;Aviation;Oil Consumption;Reload;Anti-Submarine;Oxygen;Ammunition;Acc;Tier;Recommended;Special;Notes
1;Universal Bulin;Elite;Universal;DD;100;Light;35;237;23;23;23;118;23;3;118;34;;;118;7;LB Material;;
2;Prototype Bulin MKII;Super Rare;Universal;DD;100;Light;35;237;23;23;23;118;23;3;118;34;;;118;7;LB Material;;
3;Specialized Bulin Custom MKIII;Ultra Rare;Universal;DD;100;Light;35;237;23;23;23;118;23;3;118;34;;;118;7;LB Material;;
4;Dewey;Rare;Eagle Union;DD;72;Light;44;1687;75;189;283;210;0;8;191;187;;;194;5;Gridley,CV,CVL;;
5;Cassin;Normal;Eagle Union;DD;66;Light;44;1777;77;171;287;210;0;7;193;184;;;205;5;Downes, Phoenix, Arizona;;
6;Downes;Normal;Eagle Union;DD;63;Light;44;1777;77;171;287;210;0;7;193;184;;;205;5;Cassin, Phoenix, Arizona;;
7;Gridley;Rare;Eagle Union;DD;72;Light;46;1854;74;177;444;210;0;8;204;204;;;218;5;Dewey;;
8;Craven;Normal;Eagle Union;DD;72;Light;46;1818;73;175;434;210;0;7;199;195;;;218;6;;;
9;McCall;Normal;Eagle Union;DD;69;Light;43;1766;73;175;434;210;0;7;199;195;;;218;6;;;
10;Maury;Elite;Eagle Union;DD;69;Light;43;1853;77;182;454;256;0;9;210;206;;;218;5;Gridley, Dewey;;
11;Fletcher;Rare;Eagle Union;DD;73;Light;43;2128;87;176;287;207;0;8;199;209;;;212;5;Charles Ausburne, Nicholas;;
13;Charles Ausburne;Elite;Eagle Union;DD;82;Light;42;2164;88;182;295;205;0;9;218;215;;;233;5;Fletcher, Nichola;;
14;Thatcher;Rare;Eagle Union;DD;65;Light;42;2086;87;176;287;205;0;8;212;209;;;222;6;Fletcher;;
15;Aulick;Normal;Eagle Union;DD;62;Light;42;2046;84;174;282;205;0;7;207;206;;;222;6;Fletcher;;
16;Foote;Normal;Eagle Union;DD;67;Light;42;2046;84;174;282;205;0;7;199;206;;;222;6;Fletcher;;
17;Spence;Normal;Eagle Union;DD;20;Light;42;2046;84;174;282;205;0;7;199;206;;;222;6;Fletcher;;
18;Benson;Rare;Eagle Union;DD;72;Light;45;1870;89;175;324;210;0;8;207;196;;;207;6;CV,CVL;;
19;Laffey;Elite;Eagle Union;DD;18;Light;45;2029;102;180;306;210;0;9;223;202;;;230;1;Eagle Union;;
26;Sims;Rare;Eagle Union;DD;45;Light;42;1859;82;175;290;206;0;8;207;211;;;200;5;;;
27;Hammann;Rare;Eagle Union;DD;47;Light;42;1859;82;175;290;206;0;8;207;211;;;200;7;;;
28;Eldridge;Super Rare;Eagle Union;DD;75;Light;25;1762;82;187;386;271;0;10;234;229;;;218;3;;;
81;Amazon;Rare;Royal Navy;DD;72;Light;44;1404;66;157;365;272;0;8;194;179;;;210;5;;;
82;Acasta;Rare;Royal Navy;DD;43;Light;42;1404;69;157;365;269;0;8;196;176;;;194;7;;;
83;Ardent;Rare;Royal Navy;DD;35;Light;42;1404;69;157;365;269;0;8;196;176;;;194;5;CV,CVL;;
86;Beagle;Normal;Royal Navy;DD;71;Light;42;1382;66;153;359;269;0;7;193;195;;;197;6;;;
87;Bulldog;Normal;Royal Navy;DD;65;Light;42;1382;66;153;359;269;0;7;193;200;;;197;6;;;
88;Comet;Normal;Royal Navy;DD;54;Light;43;1393;69;153;354;270;0;7;193;209;;;200;7;DD;;
89;Crescent;Normal;Royal Navy;DD;35;Light;43;1393;69;153;354;270;0;7;193;209;;;200;7;;;
90;Cygnet;Normal;Royal Navy;DD;72;Light;43;1393;69;153;354;270;0;7;193;213;;;200;7;;;
91;Foxhound;Normal;Royal Navy;DD;68;Light;42;1406;72;153;355;269;0;7;194;217;;;203;5;DD;;
92;Fortune;Rare;Royal Navy;DD;68;Light;42;1436;73;157;362;269;0;8;197;221;;;203;6;;;
93;Grenville;Elite;Royal Navy;DD;32;Light;43;1555;87;168;369;270;0;9;204;218;;;207;5;DD;;
94;Glowworm;Elite;Royal Navy;DD;36;Light;43;1446;80;168;375;270;0;9;204;218;;;210;5;;;
96;Hardy;Elite;Royal Navy;DD;40;Light;43;1555;82;160;379;270;0;9;204;195;;;222;5;DD;;
10061;Marie Rose;Super Rare;Venus Vacation;DD;78;Light;42;2091;92;181;514;248;0;10;225;212;;;218;1;;;
100;Hunter;Rare;Royal Navy;DD;24;Light;43;1404;77;160;360;270;0;8;199;190;;;215;6;;;
101;Javelin;Elite;Royal Navy;DD;65;Light;43;1619;82;164;379;270;0;9;210;218;;;218;2;;;
102;Juno;Rare;Royal Navy;DD;40;Light;43;1573;77;159;369;270;0;8;204;213;;;218;6;;;
103;Vampire;Elite;Royal Navy;DD;42;Light;40;1346;72;159;381;252;0;9;199;210;;;187;5;;;
151;Fubuki;Elite;Sakura Empire;DD;34;Light;45;1842;63;149;516;246;0;9;216;198;;;206;5;Akatsuki,Ayanami,Hibiki,Ikazuchi,Inazuma,Shirayuki,Uranami;;
152;Shirayuki;Elite;Sakura Empire;DD;41;Light;45;1842;69;149;514;251;0;9;216;202;;;206;4;;;
155;Ayanami;Elite;Sakura Empire;DD;36;Light;45;1842;66;149;516;251;0;9;216;206;;;206;1;;boss;
159;Akatsuki;Rare;Sakura Empire;DD;45;Light;45;1790;61;153;499;251;0;8;213;193;;;201;5;Hibiki,Ikazuchi,Inazuma;;
160;Hibiki;Elite;Sakura Empire;DD;88;Light;45;1842;63;157;531;251;0;9;218;198;;;201;4;Akatsuki,Ikazuchi,Inazuma;;
161;Ikazuchi;Rare;Sakura Empire;DD;52;Light;45;1790;61;153;499;251;0;8;213;172;;;201;5;Hibiki,Akatsuki,Inazuma;;
162;Inazuma;Rare;Sakura Empire;DD;57;Light;45;1790;61;153;499;251;0;8;213;172;;;201;5;Hibiki,Ikazuchi,Akatsuki;;
163;Shiratsuyu;Rare;Sakura Empire;DD;41;Light;40;1754;66;153;516;246;0;8;199;168;;;205;5;;;
164;Yuudachi;Super Rare;Sakura Empire;DD;32;Light;40;1873;71;160;551;246;0;10;229;203;;;215;0;;;
165;Shigure;Elite;Sakura Empire;DD;84;Light;40;1806;66;153;531;246;0;9;215;184;;;205;4;;;
166;Yukikaze;Super Rare;Sakura Empire;DD;93;Light;42;2280;69;164;532;248;0;10;226;213;;;219;2;;tank;
167;Kagerou;Rare;Sakura Empire;DD;25;Light;42;1931;66;153;518;248;0;8;204;192;;;207;3;;;
168;Shiranui;Normal;Sakura Empire;DD;25;Light;42;1893;64;148;508;248;0;7;199;176;;;207;5;;;
170;Nowaki;Elite;Sakura Empire;DD;72;Light;42;2197;66;157;532;246;0;9;213;194;;;215;7;;;
171;Hatsuharu;Rare;Sakura Empire;DD;45;Light;43;1816;60;148;484;248;0;8;199;192;;;203;3;DD;;
173;Wakaba;Rare;Sakura Empire;DD;36;Light;43;1816;60;148;484;248;0;8;199;192;;;203;7;;;
174;Hatsushimo;Rare;Sakura Empire;DD;51;Light;43;1816;60;148;484;248;0;8;199;192;;;203;6;;;
175;Ariake;Rare;Sakura Empire;DD;34;Light;43;1816;60;148;484;248;0;8;199;192;;;203;6;CV,CVL;;
176;Yuugure;Rare;Sakura Empire;DD;32;Light;44;1659;60;148;484;250;0;8;199;192;;;203;4;CV,CVL;;
177;Kuroshio;Rare;Sakura Empire;DD;34;Light;42;2133;66;153;518;246;0;8;204;192;;;207;6;;;
178;Oyashio;Rare;Sakura Empire;DD;34;Light;42;2133;66;153;518;246;0;8;204;192;;;207;6;;;
233;Z1;Elite;Iron Blood;DD;40;Light;41;2102;66;157;455;192;0;9;210;200;;;194;2;Z class;;
236;Z23;Elite;Iron Blood;DD;65;Light;42;2177;122;153;331;203;0;9;202;204;;;197;1;;;
237;Z25;Elite;Iron Blood;DD;72;Light;43;2167;122;157;331;201;0;9;193;204;;;190;5;;;
253;An Shan;Elite;Dragon Empery;DD;81;Light;45;2332;132;175;231;213;0;9;204;203;;;212;4;Anshan class;;
254;Fu Shun;Elite;Dragon Empery;DD;51;Light;45;2332;130;177;234;213;0;9;204;203;;;209;4;;;
255;Chang Chun;Elite;Dragon Empery;DD;61;Light;45;2332;132;175;231;213;0;9;202;203;;;207;4;Northern Parliament,Dragon Empery;;
256;Tai Yuan;Elite;Dragon Empery;DD;71;Light;45;2332;130;177;232;213;0;9;202;203;;;210;4;;;
263;Bailey;Rare;Eagle Union;DD;70;Light;44;1870;89;175;324;210;0;8;207;195;;;207;6;;;
264;Z19;Rare;Iron Blood;DD;39;Light;43;2082;69;152;446;192;0;8;204;195;;;205;7;;;
265;Z20;Normal;Iron Blood;DD;71;Light;43;2041;66;148;438;192;0;7;199;192;;;205;7;;;
266;Z21;Normal;Iron Blood;DD;42;Light;43;2041;66;148;438;192;0;7;199;193;;;205;7;;;
267;Z46;Super Rare;Iron Blood;DD;63;Light;43;2657;91;261;458;194;0;10;215;213;;;203;1;;;
268;Shimakaze;Ultra Rare;Sakura Empire;DD;41;Light;48;2420;77;165;609;293;0;12;228;213;;;228;0;;;Solid Solo DD, Buffs other fleets she is not in
269;Kamikaze;Rare;Sakura Empire;DD;86;Light;44;1599;61;142;409;250;0;7;212;206;;;206;7;;;
270;Matsukaze;Rare;Sakura Empire;DD;45;Light;44;1599;60;133;409;246;0;7;205;188;;;206;7;;;
271;Mutsuki;Normal;Sakura Empire;DD;35;Light;44;1523;60;141;433;250;0;7;199;184;;;200;6;DD;;
272;Kisaragi;Normal;Sakura Empire;DD;15;Light;44;1523;60;141;433;250;0;7;199;182;;;200;7;;;
274;Uzuki;Normal;Sakura Empire;DD;37;Light;44;1523;60;141;433;250;0;7;199;184;;;200;7;;;
276;Minazuki;Normal;Sakura Empire;DD;45;Light;44;1523;60;141;433;250;0;7;199;171;;;200;7;;;
277;Fumizuki;Rare;Sakura Empire;DD;27;Light;44;1553;61;131;444;250;0;8;204;187;;;200;7;;;
278;Nagatsuki;Rare;Sakura Empire;DD;35;Light;44;1553;61;131;444;250;0;8;204;190;;;200;7;;;
280;Mikazuki;Normal;Sakura Empire;DD;40;Light;44;1523;60;141;433;250;0;7;199;185;;;200;7;;;
286;Umikaze;Elite;Sakura Empire;DD;50;Light;40;1722;64;142;500;246;0;9;202;187;;;215;6;;;
287;Yamakaze;Elite;Sakura Empire;DD;35;Light;40;1722;66;142;494;246;0;9;202;190;;;215;6;;;
288;Kawakaze;Super Rare;Sakura Empire;DD;38;Light;40;1875;70;164;551;246;0;10;220;203;;;215;3;;;
293;Kiyonami;Rare;Sakura Empire;DD;46;Light;42;2105;60;141;503;246;0;8;213;187;;;218;5;;;
295;Niizuki;Elite;Sakura Empire;DD;32;Light;39;2504;77;198;375;232;0;9;213;203;;;207;6;;;
296;Harutsuki;Elite;Sakura Empire;DD;61;Light;39;2504;75;198;368;232;0;9;213;210;;;212;4;;;
297;Yoizuki;Elite;Sakura Empire;DD;61;Light;39;2504;75;204;368;232;0;9;213;203;;;212;4;;;
299;Radford;Rare;Eagle Union;DD;80;Light;45;2104;87;176;287;210;0;8;204;209;;;222;7;;;
300;Jenkins;Rare;Eagle Union;DD;81;Light;43;2130;87;176;287;209;0;8;204;209;;;222;7;;;
301;Nicholas;Elite;Eagle Union;DD;80;Light;42;2167;88;182;295;206;0;9;210;215;;;222;4;;;
306;Jupiter;Rare;Royal Navy;DD;52;Light;43;1573;77;159;369;270;0;8;204;213;;;218;7;;;
307;Jersey;Rare;Royal Navy;DD;20;Light;43;1573;77;159;369;270;0;8;204;213;;;218;7;;;
316;Urakaze;Rare;Sakura Empire;DD;27;Light;42;2133;64;152;508;246;0;8;204;168;;;206;7;;;
317;Isokaze;Rare;Sakura Empire;DD;18;Light;42;2133;66;152;508;246;0;8;204;201;;;206;7;;;
318;Hamakaze;Rare;Sakura Empire;DD;58;Light;42;2133;66;153;518;246;0;8;204;190;;;207;7;;;
319;Tanikaze;Rare;Sakura Empire;DD;52;Light;42;2133;66;157;518;246;0;8;199;168;;;207;5;;;
325;Matchless;Elite;Royal Navy;DD;76;Light;43;1724;77;160;399;270;0;9;204;226;;;203;6;;;
326;Musketeer;Elite;Royal Navy;DD;67;Light;43;1724;77;160;405;270;0;9;204;226;;;200;7;;;
331;Asashio;Rare;Sakura Empire;DD;32;Light;42;1984;63;152;514;246;0;8;199;192;;;205;6;Asashio class;;
332;Ooshio;Rare;Sakura Empire;DD;40;Light;42;1984;63;153;515;246;0;8;199;174;;;206;7;;;
333;Michishio;Rare;Sakura Empire;DD;48;Light;42;2012;63;153;516;246;0;8;199;192;;;207;7;;;
334;Arashio;Rare;Sakura Empire;DD;32;Light;42;1984;63;152;515;246;0;8;199;190;;;206;7;;;
345;Z35;Elite;Iron Blood;DD;35;Light;43;2143;82;186;446;205;0;9;204;206;;;203;6;;;
346;Z18;Rare;Iron Blood;DD;38;Light;43;2082;69;152;446;192;0;8;204;195;;;205;7;;;
347;Le Triomphant;Super Rare;Iris Libre;DD;77;Light;54;2071;133;170;271;274;0;10;210;210;;;210;4;;;
348;Forbin;Rare;Iris Libre;DD;69;Light;39;1410;70;141;415;258;0;8;196;192;;;210;6;;;
351;Le Mars;Rare;Vichya Dominion;DD;24;Light;39;1410;70;141;415;258;0;8;196;190;;;210;5;;;
355;Bush;Rare;Eagle Union;DD;34;Light;42;2104;87;193;286;206;0;8;204;209;;;224;7;;;
359;Le Téméraire;Elite;Iris Libre;DD;41;Light;42;1610;95;176;399;244;0;9;194;190;;;212;6;;;
362;Hobby;Rare;Eagle Union;DD;68;Light;45;1870;89;175;324;210;0;8;207;215;;;207;7;;;
363;Kalk;Rare;Eagle Union;DD;75;Light;45;1870;89;175;324;210;0;8;207;196;;;207;7;;;
365;Hazelwood;Rare;Eagle Union;DD;75;Light;42;2104;87;176;287;206;0;8;199;222;;;222;6;CV,CVL;;
369;Hatakaze;Rare;Sakura Empire;DD;87;Light;44;1599;61;142;409;250;0;7;205;192;;;206;7;;;
370;Makinami;Elite;Sakura Empire;DD;40;Light;42;2210;71;159;532;246;0;9;218;196;;;212;6;;;
374;Kimberly;Rare;Eagle Union;DD;77;Light;42;2104;84;186;287;206;0;8;204;209;;;224;7;;;
375;Mullany;Elite;Eagle Union;DD;89;Light;42;2167;91;176;295;206;0;9;209;215;;;221;7;;;
379;Z2;Elite;Iron Blood;DD;44;Light;43;2102;85;157;438;192;0;9;209;200;;;197;4;;;
388;Z36;Elite;Iron Blood;DD;36;Light;43;2143;84;182;443;205;0;9;212;203;;;210;4;;;
389;Echo;Rare;Royal Navy;DD;65;Light;42;1434;74;155;365;269;0;8;196;210;;;200;7;;;
394;Le Malin;Super Rare;Vichya Dominion;DD;51;Light;54;2071;139;141;276;274;0;10;209;195;;;209;2;;;
395;L'Opiniâtre;Elite;Iris Libre;DD;45;Light;42;1815;104;208;375;230;0;9;199;196;;;218;6;;;
406;Aylwin;Rare;Eagle Union;DD;83;Light;44;1720;82;186;282;210;0;8;202;200;;;194;7;;;
407;Bache;Rare;Eagle Union;DD;78;Light;43;2146;77;198;287;209;0;8;199;190;;;210;7;;;
409;Stanly;Rare;Eagle Union;DD;90;Light;42;2146;87;176;287;206;0;8;207;209;;;222;7;;;
415;Carabiniere;Elite;Sardegna Empire;DD;65;Light;45;1831;128;164;271;275;0;9;204;207;;;212;5;;;
417;Smalley;Rare;Eagle Union;DD;65;Light;42;2146;88;193;287;206;0;8;205;213;;;222;7;;;
424;Kasumi;Elite;Sakura Empire;DD;70;Light;42;2048;66;160;532;246;0;9;204;195;;;206;2;;;
427;Halsey Powell;Rare;Eagle Union;DD;55;Light;42;2146;82;224;284;206;0;8;205;217;;;222;7;;;
429;Uranami;Elite;Sakura Empire;DD;75;Light;45;1842;66;149;510;251;0;9;210;198;;;212;6;;;
431;Grozny;Elite;Northern Parliament;DD;60;Light;45;2556;126;208;181;213;0;9;202;202;;;206;6;;;
432;Minsk;Elite;Northern Parliament;DD;58;Light;48;2675;147;175;231;227;0;9;204;206;;;206;5;;;
433;Tashkent;Super Rare;Northern Parliament;DD;86;Light;51;2713;182;180;283;231;0;10;207;211;;;210;0;;;
444;Cooper;Elite;Eagle Union;DD;22;Light;40;2244;128;204;365;230;0;9;223;218;;;228;5;;;
449;Hanazuki;Elite;Sakura Empire;DD;65;Light;39;2504;77;204;375;232;0;9;213;203;;;203;3;;;
450;Naganami;Elite;Sakura Empire;DD;55;Light;42;2210;66;159;536;246;0;9;218;195;;;212;2;;;
452;Tartu;Elite;Vichya Dominion;DD;45;Light;43;1914;121;144;277;272;0;9;207;211;;;206;5;Iris Libre CL,Vichya Dominion CL,Iris Libre CA,Vichya Dominion CA;;
457;Vauquelin;Elite;Vichya Dominion;DD;48;Light;43;1914;115;146;283;272;0;9;209;210;;;215;6;;;
460;Eskimo;Elite;Royal Navy;DD;72;Light;43;1698;89;160;355;271;0;9;215;196;;;212;4;;;
465;Icarus;Elite;Royal Navy;DD;70;Light;42;1710;80;160;381;270;0;9;210;217;;;218;6;;;
466;Z26;Elite;Iron Blood;DD;43;Light;43;2167;122;157;331;201;0;9;193;204;;;190;5;;;
468;Suzutsuki;Super Rare;Sakura Empire;DD;72;Light;39;2600;82;209;389;232;0;10;221;210;;;203;1;;;
475;Tashkent µ;Super Rare;Northern Parliament;DD;86;Light;51;2713;150;157;314;231;0;10;215;211;;;210;2;;;
481;Le Malin µ;Super Rare;Vichya Dominion;DD;51;Light;54;2071;141;138;278;274;0;10;209;195;;;206;2;;;
487;Z24;Elite;Iron Blood;DD;56;Light;43;2177;122;153;331;203;0;9;202;204;;;197;2;;;
488;Z28;Elite;Iron Blood;DD;45;Light;43;2175;77;146;429;201;0;9;210;200;;;187;3;;;
490;Vincenzo Gioberti;Elite;Sardegna Empire;DD;44;Light;45;1890;115;157;293;272;0;9;212;218;;;225;5;;;
491;Stremitelny;Elite;Northern Parliament;DD;42;Light;45;2528;132;182;234;226;0;9;202;202;;;206;3;;;
497;Gremyashchy;Elite;Northern Parliament;DD;70;Light;45;2218;144;153;282;213;0;9;202;202;;;206;4;;;
499;Gromky;Elite;Northern Parliament;DD;45;Light;45;2332;132;171;239;226;0;9;202;207;;;206;4;;;
504;Maestrale;Elite;Sardegna Empire;DD;56;Light;45;1865;110;164;297;278;0;9;212;195;;;225;5;;;
505;Libeccio;Elite;Sardegna Empire;DD;42;Light;45;1826;117;157;303;272;0;9;212;187;;;225;6;;;
506;Nicoloso da Recco;Elite;Sardegna Empire;DD;82;Light;39;1895;117;175;283;269;0;9;202;209;;;210;6;;;
507;Oite;Rare;Sakura Empire;DD;42;Light;44;1599;60;133;409;250;0;7;205;198;;;206;7;;;
508;Allen M. Sumner;Super Rare;Eagle Union;DD;80;Light;40;2588;142;238;378;230;0;10;232;224;;;235;1;Eagle Union;;Any piece of Eagle Union gear activates her Skill
509;Stephen Potter;Elite;Eagle Union;DD;70;Light;42;2208;91;185;296;206;0;9;207;215;;;222;3;;;
515;Morrison;Elite;Eagle Union;DD;48;Light;42;2167;85;182;293;206;0;9;212;218;;;231;7;;;
517;Kazagumo;Super Rare;Sakura Empire;DD;51;Light;42;2293;75;164;563;246;0;10;226;184;;;225;1;CV,CVL;;
518;Ingraham;Super Rare;Eagle Union;DD;75;Light;40;2458;139;236;383;230;0;10;232;224;;;235;3;;aa;
522;Le Terrible;Super Rare;Iris Libre;DD;75;Light;54;2167;143;135;274;314;0;10;202;198;;;205;3;;;
523;Maillé Brézé;Elite;Iris Libre;DD;35;Light;43;1914;110;157;274;272;0;9;209;214;;;212;4;Iris Libre,Vichya Dominion;;
Collab003;Blanc;Elite;Neptunia;DD;71;Light;45;1844;70;151;444;225;0;9;209;202;;;212;6;;;
Collab007;White Heart;Super Rare;Neptunia;DD;73;Light;45;1993;75;157;481;230;0;10;218;208;;;212;6;;;
Collab021;22;Elite;Bilibili;DD;22;Light;43;1461;54;152;207;211;0;9;181;192;;;205;6;;;
Collab022;33;Elite;Bilibili;DD;33;Light;43;1408;38;152;253;211;0;9;171;192;;;193;6;;;
Collab032;Nekone;Super Rare;Utawarerumono;DD;52;Light;39;1988;98;214;360;243;0;10;202;164;;;227;7;;;
Collab041;Kizuna AI;Elite;KizunaAI;DD;66;Light;42;1811;75;170;479;250;0;9;203;225;;;202;6;;;
Collab051;Shirakami Fubuki;Super Rare;Hololive;DD;69;Light;40;1875;77;181;489;246;204;10;219;203;;;216;2;;;
Collab054;Natsuiro Matsuri;Elite;Hololive;DD;87;Light;40;1805;70;169;473;245;0;9;209;209;;;212;6;Hololive;;
Plan009;Kitakaze;Priority;Sakura Empire;DD;15;Light;44;2702;88;201;401;246;0;11;226;202;;;225;0;;;
3005;Cassin (Retrofit);Rare;Eagle Union;DD;66;Light;47;1942;102;171;297;235;0;7;213;184;;;205;5;;;
3006;Downes (Retrofit);Rare;Eagle Union;DD;63;Light;47;1942;102;171;297;235;0;7;213;184;;;205;5;;;
3019;Laffey (Retrofit);Super Rare;Eagle Union;DD;18;Light;45;2194;162;180;346;250;0;9;223;202;;;230;1;;;
3026;Sims (Retrofit);Elite;Eagle Union;DD;45;Light;45;2069;112;265;290;206;0;8;222;211;;;200;5;;;
3027;Hammann (Retrofit);Elite;Eagle Union;DD;47;Light;45;2069;97;265;290;206;0;8;227;211;;;200;7;;;
3081;Amazon (Retrofit);Elite;Royal Navy;DD;72;Light;47;1569;66;197;365;292;0;8;194;219;;;210;5;;;
3082;Acasta (Retrofit);Elite;Royal Navy;DD;43;Light;45;1569;69;172;405;304;0;8;196;176;;;194;7;;;
3083;Ardent (Retrofit);Elite;Royal Navy;DD;35;Light;45;1569;69;172;405;304;0;8;196;176;;;194;5;;;
3088;Comet (Retrofit);Rare;Royal Navy;DD;54;Light;46;1558;69;168;389;305;0;7;198;209;;;200;7;;;
3089;Crescent (Retrofit);Rare;Royal Navy;DD;35;Light;46;1558;109;168;354;300;0;7;193;209;;;205;7;;;
3090;Cygnet (Retrofit);Rare;Royal Navy;DD;72;Light;46;1558;99;168;354;315;0;7;193;213;;;200;7;;;
3091;Foxhound (Retrofit);Rare;Royal Navy;DD;68;Light;45;1571;107;168;355;309;0;7;194;217;;;203;;;;
3092;Fortune (Retrofit);Elite;Royal Navy;DD;68;Light;45;1601;108;172;362;309;0;8;197;221;;;203;;;;
3101;Javelin (Retrofit);Super Rare;Royal Navy;DD;65;Light;46;1784;92;164;434;310;0;9;210;218;;;218;;;;
3155;Ayanami (Retrofit);Super Rare;Sakura Empire;DD;36;Light;48;2007;76;149;576;271;0;9;231;206;;;206;;;;
3164;Yuudachi (Retrofit);Ultra Rare;Sakura Empire;DD;32;Light;40;2038;111;160;591;286;0;10;229;203;;;215;;;;
3165;Shigure (Retrofit);Super Rare;Sakura Empire;DD;84;Light;40;1971;86;153;596;266;0;9;215;204;;;205;;;;
3167;Kagerou (Retrofit);Elite;Sakura Empire;DD;25;Light;45;2096;76;153;558;248;0;8;224;212;;;207;;;;
3168;Shiranui (Retrofit);Rare;Sakura Empire;DD;25;Light;45;1953;74;148;568;268;0;7;199;176;;;207;;;;
3171;Hatsuharu (Retrofit);Elite;Sakura Empire;DD;45;Light;46;1981;60;178;524;268;0;8;199;192;;;203;;;;
3174;Hatsushimo (Retrofit);Elite;Sakura Empire;DD;51;Light;46;1981;60;178;524;268;0;8;199;192;;;203;;;;
3175;Ariake (Retrofit);Elite;Sakura Empire;DD;34;Light;46;1981;60;178;524;268;0;8;199;192;;;203;;;;
3176;Yuugure (Retrofit);Elite;Sakura Empire;DD;32;Light;47;1824;60;178;524;270;0;8;199;192;;;203;;;;
3233;Z1 (Retrofit);Super Rare;Iron Blood;DD;40;Light;41;2267;86;232;495;197;0;9;210;210;;;194;;;;
3236;Z23 (Retrofit);Super Rare;Iron Blood;DD;65;Light;42;2342;172;218;351;208;0;9;202;224;;;197;;;;
3263;Bailey (Retrofit);Elite;Eagle Union;DD;70;Light;47;2080;104;265;324;210;0;8;227;195;;;207;;;;
3269;Kamikaze (Retrofit);Elite;Sakura Empire;DD;86;Light;47;1764;61;182;419;250;0;7;232;206;;;216;;;;
3270;Matsukaze (Retrofit);Elite;Sakura Empire;DD;45;Light;47;1764;60;173;419;246;0;7;225;188;;;216;;;;
3271;Mutsuki (Retrofit);Rare;Sakura Empire;DD;35;Light;47;1688;60;176;468;250;0;7;219;184;;;200;;;;
3272;Kisaragi (Retrofit);Rare;Sakura Empire;DD;15;Light;47;1688;60;176;468;250;0;7;219;182;;;200;;;;
3301;Nicholas (Retrofit);Super Rare;Eagle Union;DD;80;Light;42;2332;133;237;360;206;0;9;210;225;;;222;;;;
3318;Hamakaze (Retrofit);Elite;Sakura Empire;DD;58;Light;45;2193;76;153;578;266;0;8;204;190;;;207;;;;
3319;Tanikaze (Retrofit);Elite;Sakura Empire;DD;52;Light;45;2193;76;157;578;266;0;8;199;168;;;207;;;;
3348;Forbin (Retrofit);Elite;Iris Libre;DD;69;Light;42;1470;90;171;445;258;0;8;196;222;;;210;;;;
3351;Le Mars (Retrofit);Elite;Vichya Dominion;DD;24;Light;42;1470;90;186;445;258;0;8;196;205;;;210;;;;
3424;Kasumi (Retrofit);Super Rare;Sakura Empire;DD;70;Light;45;2213;76;160;592;281;0;9;219;195;;;206;;;;
29;Omaha;Normal;Eagle Union;CL;67;Light;35;3312;144;287;210;127;0;8;185;82;;;156;7;;;
30;Raleigh;Normal;Eagle Union;CL;82;Light;35;3312;144;287;210;127;0;8;185;82;;;156;7;;;
31;Brooklyn;Rare;Eagle Union;CL;55;Light;32;3550;166;313;0;106;0;9;183;100;;;162;5;CA,CL;;
32;Phoenix;Rare;Eagle Union;CL;88;Light;32;3550;166;313;0;106;0;9;183;97;;;162;3;;tank;
33;Helena;Elite;Eagle Union;CL;33;Light;32;3688;174;323;0;106;0;10;188;111;;;180;0;;boss;
34;Atlanta;Rare;Eagle Union;CL;12;Light;32;3598;131;431;159;112;0;9;181;190;;;173;6;;aa;
35;Juneau;Rare;Eagle Union;CL;18;Light;32;3598;131;431;159;112;0;9;181;190;;;173;6;;;
36;San Diego;Super Rare;Eagle Union;CL;85;Light;32;3842;139;458;170;112;0;11;193;204;;;173;0;;aa;
37;Cleveland;Elite;Eagle Union;CL;71;Light;32;4406;167;330;0;109;0;10;191;102;;;168;3;;;
38;Columbia;Elite;Eagle Union;CL;70;Light;32;4406;170;330;0;109;0;10;190;102;;;167;3;;;
10064;Misaki;Super Rare;Venus Vacation;CL;89;Light;33;3971;170;333;0;109;0;11;197;156;;;167;1;Venus Vacation;;
10067;Monica;Elite;Venus Vacation;CL;88;Light;32;3861;150;363;296;118;0;10;184;88;;;164;3;;;
10071;Haruka Amami;Super Rare;The Idolmaster;CL;83;Light;32;4114;165;366;365;113;0;11;195;149;;;165;2;;;
104;Leander;Normal;Royal Navy;CL;44;Light;32;3322;148;328;274;128;0;8;174;127;;;149;4;CL,CA;;
105;Achilles;Rare;Royal Navy;CL;54;Light;32;3044;166;301;328;114;0;9;177;130;;;152;4;;;
106;Ajax;Rare;Royal Navy;CL;74;Light;32;3044;166;301;328;114;0;9;177;130;;;152;4;;;
107;Dido;Super Rare;Royal Navy;CL;85;Light;32;3831;160;396;180;114;0;11;196;171;;;164;2;Queen Elizabeth,Dido class;;Including: Dido µ
110;Southampton;Rare;Royal Navy;CL;32;Light;32;3773;153;314;276;119;0;9;174;105;;;161;6;;;
111;Sheffield;Elite;Royal Navy;CL;78;Light;32;3884;158;358;299;119;0;10;185;89;;;164;4;;;
113;Gloucester;Elite;Royal Navy;CL;45;Light;32;3875;158;324;284;119;0;10;178;143;;;161;5;;;
114;Edinburgh;Elite;Royal Navy;CL;37;Light;32;4588;159;320;284;119;0;10;178;102;;;164;4;;;
115;Belfast;Super Rare;Royal Navy;CL;88;Light;32;4062;181;299;344;113;0;11;185;147;;;164;2;;;
116;Arethusa;Rare;Royal Navy;CL;69;Light;32;2896;158;331;274;119;0;9;190;117;;;175;6;;;
117;Galatea;Rare;Royal Navy;CL;26;Light;32;2896;158;331;274;119;0;9;190;94;;;175;6;;;
118;Aurora;Elite;Royal Navy;CL;84;Light;32;2982;164;341;282;119;0;10;197;110;;;176;3;;boss;
179;Yuubari;Elite;Sakura Empire;CL;53;Light;35;2228;133;314;280;124;0;8;185;85;;;143;4;;;
182;Nagara;Normal;Sakura Empire;CL;36;Light;36;2959;142;284;282;132;0;8;175;85;;;149;5;;;
183;Isuzu;Rare;Sakura Empire;CL;33;Light;36;3289;121;350;223;119;0;9;178;100;;;149;2;;aa;
185;Yura;Elite;Sakura Empire;CL;40;Light;36;2965;148;310;296;124;0;10;185;143;;;149;4;;;
186;Kinu;Elite;Sakura Empire;CL;52;Light;36;2953;150;310;293;124;0;10;183;125;;;149;4;;;
187;Abukuma;Normal;Sakura Empire;CL;43;Light;36;2959;142;284;282;132;0;8;175;94;;;149;6;DD;;
188;Mogami;Elite;Sakura Empire;CL;14;Medium;29;4109;204;190;188;85;0;11;191;46;;;153;3;;;
189;Mikuma;Elite;Sakura Empire;CL;13;Medium;29;4109;204;190;190;85;0;11;191;46;;;153;5;;;
238;Königsberg;Normal;Iron Blood;CL;42;Light;32;3450;155;341;276;126;0;8;177;105;;;157;6;CL,CA;;
239;Karlsruhe;Normal;Iron Blood;CL;39;Light;32;3450;155;341;276;126;0;8;177;89;;;157;6;;;
240;Köln;Normal;Iron Blood;CL;62;Light;32;3450;155;341;276;126;0;8;177;107;;;157;6;;;
241;Leipzig;Rare;Iron Blood;CL;67;Light;32;3576;150;354;274;121;0;9;188;100;;;163;2;CL,CA;;
257;Yat Sen;Elite;Dragon Empery;CL;64;Light;19;1928;122;354;0;93;0;10;185;56;;;150;3;Ning Hai,Ping Hai;;
258;Ning Hai;Elite;Dragon Empery;CL;51;Light;23;2028;148;295;237;88;0;10;185;77;;;156;3;Ping Hai;tank;
259;Ping Hai;Elite;Dragon Empery;CL;47;Light;21;1995;148;263;237;85;0;10;185;77;;;159;3;Ning Hai;tank;
262;Avrora;Super Rare;Northern Parliament;CL;55;Medium;19;3450;106;163;226;93;0;11;152;58;;;134;2;;;
30003;Helena META;Super Rare;META;CL;33;Light;33;4246;177;419;0;97;0;12;198;0;;;187;0;Helena,Lena;;Any piece of Eagle Union gear activates her Skill. Helena or Lena are not mandatory with her.
303;Richmond;Normal;Eagle Union;CL;69;Light;35;3312;144;287;210;127;0;8;185;94;;;156;6;CL,CA;;
304;Honolulu;Rare;Eagle Union;CL;50;Light;32;3550;166;313;0;106;0;9;183;100;;;162;6;;;
305;St. Louis;Elite;Eagle Union;CL;65;Light;32;3688;174;323;0;106;0;10;188;102;;;170;5;;;
308;Sendai;Rare;Sakura Empire;CL;42;Light;35;2599;152;282;330;128;0;9;188;109;;;156;3;CL,DD;;
309;Jintsuu;Elite;Sakura Empire;CL;38;Light;35;2676;158;291;341;128;0;10;194;101;;;156;2;CL,DD;;
310;Naka;Rare;Sakura Empire;CL;53;Light;35;2599;153;292;341;128;0;9;188;105;;;156;4;CL,DD;;
321;Agano;Elite;Sakura Empire;CL;21;Light;35;3233;150;330;358;123;0;10;171;80;;;152;4;DD;;
322;Noshiro;Super Rare;Sakura Empire;CL;55;Light;35;3354;177;341;378;123;0;11;183;99;;;176;0;DD;tank;
327;Fiji;Rare;Royal Navy;CL;11;Light;32;3670;161;261;272;119;0;9;185;119;;;176;5;;;
328;Jamaica;Rare;Royal Navy;CL;67;Light;32;3721;160;336;272;119;0;9;185;125;;;175;4;;;
329;Montpelier;Super Rare;Eagle Union;CL;72;Light;32;4461;172;341;0;109;0;11;196;105;;;168;2;CA,CL;;
330;Denver;Elite;Eagle Union;CL;69;Light;32;4406;159;328;0;109;0;10;188;102;;;165;3;;;
335;Little Bel;Elite;Royal Navy;CL;89;Light;32;3306;161;289;329;113;0;10;188;150;;;164;3;;;
349;Émile Bertin;Elite;Iris Libre;CL;67;Light;34;3259;163;278;277;139;0;10;175;146;;;175;3;Iris Libre DD,Vichya Dominion DD;;
360;Memphis;Rare;Eagle Union;CL;67;Light;35;3378;148;301;215;120;0;9;188;84;;;156;6;;;
361;Newcastle;Rare;Royal Navy;CL;78;Light;32;3773;147;354;289;119;0;9;181;86;;;164;3;;aa;
366;Concord;Rare;Eagle Union;CL;67;Light;35;3378;148;301;218;120;0;9;188;84;;;156;6;;;
371;Sirius;Super Rare;Royal Navy;CL;70;Light;32;3831;153;393;163;114;0;11;185;166;;;173;2;CV,CVL;;
372;Curacoa;Rare;Royal Navy;CL;24;Light;29;3050;136;157;0;109;0;9;185;54;;;173;4;;aa;
373;Curlew;Rare;Royal Navy;CL;45;Light;29;2854;130;182;0;109;0;9;193;54;;;170;4;CV,CVL;aa;
390;Lena;Elite;Eagle Union;CL;33;Light;32;3321;169;323;0;107;0;10;188;109;;;177;3;Li'l Sandy,Clevelad;;
391;Clevelad;Elite;Eagle Union;CL;71;Light;32;3684;164;330;0;111;0;10;183;102;;;163;3;Cleveland class;;
392;Li'l Sandy;Elite;Eagle Union;CL;85;Light;32;3301;132;443;163;113;0;10;185;195;;;173;3;;;
393;Swiftsure;Super Rare;Royal Navy;CL;44;Light;32;3884;166;310;369;113;0;11;193;150;;;168;1;;boss;Better in AA fleets
404;San Juan;Rare;Eagle Union;CL;77;Light;32;3598;131;438;159;112;0;9;181;188;;;173;5;Eagle Union;;
405;Birmingham;Elite;Eagle Union;CL;48;Light;32;4285;170;334;0;111;0;10;188;100;;;174;1;;;
408;Black Prince;Elite;Royal Navy;CL;58;Light;32;3691;144;385;155;115;0;10;182;150;;;173;5;Eagle Union;;
420;Cleveland µ;Elite;Eagle Union;CL;71;Light;32;3925;164;330;0;113;0;10;191;102;;;168;3;;;
421;Sheffield µ;Elite;Royal Navy;CL;78;Light;32;3641;155;358;299;119;0;10;185;89;;;164;4;;;
423;Glasgow;Rare;Royal Navy;CL;81;Light;32;3773;153;351;276;119;0;9;174;101;;;161;5;;;
428;Biloxi;Elite;Eagle Union;CL;68;Light;32;4406;153;330;0;113;0;10;190;102;;;173;4;;;
434;Pamiat Merkuria;Elite;Northern Parliament;CL;88;Medium;23;3130;84;148;144;103;0;10;141;56;;;140;0;;;
435;Kirov;Super Rare;Northern Parliament;CL;52;Light;36;4168;185;351;300;130;0;11;190;156;;;162;1;Northern Parliament;;
436;Chapayev;Super Rare;Northern Parliament;CL;68;Light;33;4451;174;341;0;110;0;11;197;149;;;168;1;;;
445;Reno;Super Rare;Eagle Union;CL;52;Light;32;3842;150;489;199;112;0;11;193;206;;;173;2;CV,CVL;aa;
448;Marblehead;Rare;Eagle Union;CL;55;Light;35;3378;137;292;248;120;0;9;188;84;;;156;7;;;
454;Jeanne d'Arc;Super Rare;Iris Libre;CL;83;Light;25;3298;155;282;268;94;0;11;185;150;;;183;1;;;
456;La Galissonnière;Elite;Vichya Dominion;CL;35;Light;31;3565;174;316;283;136;0;10;178;148;;;177;6;CL,CA;;
463;Hermione;Super Rare;Royal Navy;CL;58;Light;32;3831;161;389;175;113;0;11;196;190;;;164;5;Royal Navy;;
476;Dido µ;Super Rare;Royal Navy;CL;85;Light;32;4012;150;433;180;114;0;11;196;171;;;170;2;;aa;
486;Nürnberg;Elite;Iron Blood;CL;80;Light;32;3900;178;411;308;116;0;10;194;102;;;163;4;Iron Blood;aa;
493;Ying Swei;Elite;Dragon Empery;CL;20;Medium;20;2499;71;133;235;83;0;9;141;73;;;159;5;Dragon Empery;;
494;Chao Ho;Elite;Dragon Empery;CL;20;Medium;20;2596;71;131;235;83;0;9;141;73;;;159;5;Dragon Empery;;
495;Penelope;Elite;Royal Navy;CL;52;Light;32;2982;161;341;282;119;0;10;196;119;;;175;6;;;
498;Murmansk;Elite;Northern Parliament;CL;65;Light;35;3475;159;299;265;120;0;10;193;130;;;156;5;;;
501;Duca degli Abruzzi;Super Rare;Sardegna Empire;CL;85;Light;35;4460;161;379;324;113;0;11;183;99;;;177;0;;;
514;Boise;Elite;Eagle Union;CL;70;Light;32;3644;167;334;0;106;0;10;191;102;;;168;2;;;
Collab001;Neptune (Neptunia);Elite;Neptunia;CL;73;Light;31;3509;154;308;293;118;0;10;174;123;;;162;7;Neptunia;;
Collab005;Purple Heart;Super Rare;Neptunia;CL;87;Light;31;3779;168;319;313;120;0;11;181;130;;;162;5;;;
Collab033;Rurutie;Super Rare;Utawarerumono;CL;66;Light;32;4202;152;280;251;103;0;11;171;106;;;167;3;;;
Plan001;Neptune;Priority;Royal Navy;CL;15;Light;33;4742;175;371;359;100;0;12;166;155;;;162;0;;tank;
Plan007;Seattle;Priority;Eagle Union;CL;15;Light;33;5376;182;373;0;100;0;12;158;157;;;161;0;;;
Plan015;Mainz;Priority;Iron Blood;CL;15;Medium;25;5382;171;361;197;78;0;12;185;122;;;131;0;;;
3033;Helena (Retrofit);Super Rare;Eagle Union;CL;33;Light;32;3928;184;413;0;106;0;10;193;111;;;195;;;;
3036;San Diego (Retrofit);Ultra Rare;Eagle Union;CL;85;Light;32;4082;184;568;170;112;0;11;213;204;;;173;;;;
3104;Leander (Retrofit);Rare;Royal Navy;CL;44;Light;32;3562;198;328;309;128;0;8;179;127;;;149;;;;
3105;Achilles (Retrofit);Elite;Royal Navy;CL;54;Light;32;3284;216;301;363;114;0;9;182;130;;;152;;;;
3106;Ajax (Retrofit);Elite;Royal Navy;CL;74;Light;32;3284;216;301;363;114;0;9;182;130;;;152;;;;
3179;Yuubari (Retrofit);Super Rare;Sakura Empire;CL;53;Light;35;2393;163;339;290;124;0;8;205;85;;;163;;;;
3183;Isuzu (Retrofit);Elite;Sakura Empire;CL;33;Light;36;3529;121;400;233;119;0;9;178;135;;;164;;;;
3186;Kinu (Retrofit);Super Rare;Sakura Empire;CL;52;Light;36;3193;160;325;358;124;0;10;188;125;;;154;;;;
3187;Abukuma (Retrofit);Rare;Sakura Empire;CL;43;Light;36;3199;162;284;347;132;0;8;180;94;;;149;;;;
3239;Karlsruhe (Retrofit);Rare;Iron Blood;CL;39;Light;32;3690;175;356;321;126;0;8;182;89;;;157;;;;
3240;Köln (Retrofit);Rare;Iron Blood;CL;62;Light;32;3690;175;356;321;126;0;8;182;107;;;157;;;;
3241;Leipzig (Retrofit);Elite;Iron Blood;CL;67;Light;32;3816;170;394;329;121;0;9;193;100;;;163;;;;
3258;Ning Hai (Retrofit);Super Rare;Dragon Empery;CL;51;Light;23;2238;203;310;237;123;0;10;190;77;;;156;;;;
3259;Ping Hai (Retrofit);Super Rare;Dragon Empery;CL;47;Light;21;2205;203;278;237;120;0;10;190;77;;;159;;;;
3308;Sendai (Retrofit);Elite;Sakura Empire;CL;42;Light;35;2839;172;282;395;128;0;9;193;109;;;156;;;;
3309;Jintsuu (Retrofit);Super Rare;Sakura Empire;CL;38;Light;35;2916;178;306;406;128;0;10;199;101;;;156;;;;
3349;Émile Bertin (Retrofit);Super Rare;Iris Libre;CL;67;Light;34;3499;193;333;302;139;0;10;180;146;;;180;;;;
3361;Newcastle (Retrofit);Elite;Royal Navy;CL;78;Light;32;4013;177;394;289;119;0;9;196;86;;;169;;;;
3372;Curacoa (Retrofit);Elite;Royal Navy;CL;24;Light;29;3290;176;202;0;109;0;9;185;54;;;178;;;;
3373;Curlew (Retrofit);Elite;Royal Navy;CL;45;Light;29;3094;170;227;0;109;0;9;193;54;;;175;;;;
3434;Pamiat Merkuria (Retrofit);Super Rare;Northern Parliament;CL;88;Medium;23;3370;129;198;164;103;0;10;141;56;;;150;;;tank;
39;Pensacola;Normal;Eagle Union;CA;75;Light;26;3366;235;202;0;57;0;9;162;0;;;121;7;;;
40;Salt Lake City;Normal;Eagle Union;CA;71;Light;26;3366;235;202;0;57;0;9;162;0;;;121;7;;;
41;Northampton;Rare;Eagle Union;CA;27;Light;26;3424;243;209;0;55;0;10;169;0;;;125;6;CA,CL;;
42;Chicago;Rare;Eagle Union;CA;32;Light;26;3471;243;209;0;55;0;10;169;0;;;125;7;;;
43;Houston;Elite;Eagle Union;CA;49;Light;26;3525;250;215;0;55;0;11;174;0;;;125;5;;;
44;Portland;Rare;Eagle Union;CA;78;Medium;26;4671;207;251;0;61;0;10;172;0;;;129;3;Indianapolis;tank;
45;Indianapolis;Elite;Eagle Union;CA;23;Medium;26;4843;213;257;0;61;0;11;177;0;;;129;4;;;
46;Astoria;Elite;Eagle Union;CA;15;Medium;26;3971;221;231;0;59;0;11;163;0;;;125;5;New Orleans class;;
47;Quincy;Elite;Eagle Union;CA;9;Medium;26;4107;221;235;0;59;0;11;163;0;;;129;5;;;
48;Vincennes;Elite;Eagle Union;CA;12;Medium;26;4107;221;235;0;59;0;11;163;0;;;125;5;;;
49;Wichita;Elite;Eagle Union;CA;70;Light;26;3795;271;227;0;51;0;11;182;0;;;135;5;CA,CL;;
50;Baltimore;Super Rare;Eagle Union;CA;56;Medium;26;4697;274;266;0;59;0;12;186;0;;;139;1;;;
10063;Kasumi (Venus Vacation);Super Rare;Venus Vacation;CA;85;Medium;28;4964;267;229;219;97;0;12;177;0;;;137;1;;tank;
10074;Azusa Miura;Super Rare;The Idolmaster;CA;91;Medium;26;5361;243;215;0;67;0;12;177;0;;;134;0;;tank;
119;London;Elite;Royal Navy;CA;62;Light;25;3644;226;217;226;69;0;11;167;0;;;120;2;;;
120;Shropshire;Rare;Royal Navy;CA;75;Light;25;3542;221;212;218;69;0;10;162;0;;;120;7;;;
121;Kent;Rare;Royal Navy;CA;71;Light;25;3589;221;212;218;67;0;10;162;0;;;120;6;;;
122;Suffolk;Rare;Royal Navy;CA;72;Light;25;3554;221;212;218;67;0;10;162;0;;;120;5;;;
123;Norfolk;Rare;Royal Navy;CA;69;Medium;25;4727;180;247;143;71;0;10;162;0;;;120;6;;tank;
124;Dorsetshire;Elite;Royal Navy;CA;33;Medium;25;4865;185;255;248;71;0;10;167;0;;;120;6;;;
125;York;Elite;Royal Navy;CA;15;Medium;25;3761;229;248;196;75;0;11;178;0;;;134;3;;;
126;Exeter;Elite;Royal Navy;CA;49;Medium;25;3791;229;248;196;75;0;11;178;0;;;129;4;;;
190;Furutaka;Normal;Sakura Empire;CA;34;Medium;31;3518;218;164;193;78;0;9;166;0;;;114;6;;;
191;Kako;Normal;Sakura Empire;CA;34;Medium;31;3518;218;164;193;78;0;9;166;0;;;114;6;;;
192;Aoba;Normal;Sakura Empire;CA;52;Medium;32;3610;218;171;193;78;0;9;166;0;;;114;7;;;
193;Kinugasa;Normal;Sakura Empire;CA;65;Medium;32;3610;218;171;193;78;0;9;166;0;;;114;7;;;
195;Chikuma;Super Rare;Sakura Empire;CA;42;Medium;28;4493;266;193;251;78;0;12;183;0;;;120;1;;tank;
196;Myoukou;Rare;Sakura Empire;CA;62;Medium;32;5339;199;198;152;80;0;10;166;0;;;128;5;;tank;
197;Nachi;Rare;Sakura Empire;CA;58;Medium;32;5339;199;198;152;80;0;10;166;0;;;128;5;;tank;
198;Ashigara;Elite;Sakura Empire;CA;60;Medium;28;4256;237;174;226;78;0;11;171;0;;;128;6;;;
200;Takao;Super Rare;Sakura Empire;CA;65;Medium;31;4394;274;182;248;82;0;12;177;0;;;137;3;;tank;
201;Atago;Super Rare;Sakura Empire;CA;48;Medium;31;4394;274;182;248;82;0;12;177;0;;;137;3;;tank;
202;Maya;Super Rare;Sakura Empire;CA;48;Medium;31;4394;274;182;248;82;0;12;177;0;;;137;3;;tank;
203;Choukai;Super Rare;Sakura Empire;CA;50;Medium;31;4394;265;182;224;82;0;12;177;0;;;137;3;CA,CL;tank;
242;Admiral Hipper;Elite;Iron Blood;CA;66;Medium;25;5083;254;193;193;64;0;11;178;0;;;131;5;;tank;
244;Prinz Eugen;Super Rare;Iron Blood;CA;78;Medium;25;6394;230;209;155;64;0;12;185;0;;;131;4;;tank;
245;Deutschland;Elite;Iron Blood;CA;72;Medium;22;4111;305;157;223;55;0;11;178;0;;;135;3;;;
246;Admiral Graf Spee;Elite;Iron Blood;CA;36;Medium;22;4462;301;157;219;56;0;11;177;0;;;129;3;;;
337;Sussex;Rare;Royal Navy;CA;68;Light;25;3542;205;261;218;74;0;10;162;0;;;120;7;;;
364;Minneapolis;Super Rare;Eagle Union;CA;76;Medium;26;4248;262;253;0;59;0;12;185;0;;;131;2;;mob,tank;
382;Suzuya;Elite;Sakura Empire;CA;15;Medium;28;4273;240;213;215;83;0;11;182;0;;;132;4;;;
413;Zara;Super Rare;Sardegna Empire;CA;75;Medium;26;5056;256;234;0;59;0;12;185;0;;;121;2;;;
414;Trento;Rare;Sardegna Empire;CA;42;Light;28;3626;235;190;186;73;0;10;162;0;;;121;7;;;
422;Admiral Hipper µ;Elite;Iron Blood;CA;66;Medium;25;4956;254;193;188;64;0;11;178;0;;;131;4;;tank;
443;Bremerton;Super Rare;Eagle Union;CA;55;Medium;26;4939;271;272;0;59;0;12;186;0;;;139;1;;;
455;Algérie;Super Rare;Vichya Dominion;CA;50;Medium;24;5136;283;249;226;69;0;12;197;0;;;141;4;;;
469;Kumano;Elite;Sakura Empire;CA;10;Medium;27;4236;240;219;215;85;0;11;188;0;;;132;6;Sakura Empire;;
478;Baltimore µ;Elite;Eagle Union;CA;56;Medium;26;4753;265;257;0;59;0;11;180;0;;;139;3;;;
479;Roon µ;Super Rare;Iron Blood;CA;0;Medium;26;6195;287;238;218;81;0;12;174;0;;;129;0;;tank;
483;Prinz Heinrich;Super Rare;Iron Blood;CA;50;Medium;26;6084;314;223;248;68;0;12;185;0;;;135;0;Iron Blood;tank;
489;Pola;Super Rare;Sardegna Empire;CA;75;Medium;26;5056;256;248;0;59;0;12;185;0;;;121;2;Sardegna Empire,Zara;;
496;Tallinn;Super Rare;Northern Parliament;CA;80;Medium;25;5742;265;226;199;64;0;12;185;0;;;152;1;;tank;
512;San Francisco;Super Rare;Eagle Union;CA;75;Medium;26;4943;259;231;0;71;0;12;182;0;;;139;0;;;
521;New Orleans;Super Rare;Eagle Union;CA;76;Medium;26;5025;246;271;0;61;0;12;185;0;;;139;2;;tank;
524;Foch;Elite;Vichya Dominion;CA;45;Medium;32;4123;240;261;259;59;0;11;182;0;;;135;4;;;
Collab002;Noire;Elite;Neptunia;CA;83;Medium;27;3916;240;181;202;68;0;11;167;0;;;131;6;;;
Collab006;Black Heart;Super Rare;Neptunia;CA;83;Medium;27;4155;253;197;221;70;0;12;171;0;;;131;4;;;
Collab031;Kuon;Super Rare;Utawarerumono;CA;90;Medium;28;4234;240;178;200;55;0;12;162;0;;;138;7;;;
Collab042;Elegant Kizuna AI;Super Rare;KizunaAI;CA;66;Medium;28;5141;259;229;0;56;0;12;177;0;;;138;3;;mob,tank;
Collab055;Nakiri Ayame;Elite;Hololive;CA;65;Light;26;4269;237;201;0;51;0;11;176;0;;;112;4;;;
Plan003;Ibuki;Priority;Sakura Empire;CA;15;Medium;28;4904;276;198;295;89;0;13;189;0;;;140;1;;;
Plan005;Roon;Priority;Iron Blood;CA;15;Medium;26;6055;289;238;220;80;0;13;174;0;;;129;1;;tank;
Plan006;Saint Louis;Priority;Iris Libre;CA;15;Medium;26;5485;282;251;231;83;0;13;193;0;;;141;1;;;
Plan010;Azuma;Decisive;Sakura Empire;CB;25;Medium;27;7717;314;231;0;51;0;16;172;0;;;129;0;;tank;Can be flex picked into any Fleet as its main tank
Plan013;Cheshire;Priority;Royal Navy;CA;15;Medium;27;5260;288;418;212;78;0;13;158;0;;;133;0;;tank,aa;Can fit any AA Fleets with great sucess.
Plan014;Drake;Decisive;Royal Navy;CA;25;Medium;26;5800;295;295;250;77;0;15;141;0;;;149;0;;tank;Can be flex picked into any Fleet as its main tank
Plan018;Anchorage;Priority;Eagle Union;CA;15;Medium;26;6399;257;232;219;82;0;13;166;0;;;152;0;;tank;Extremely tanky
Plan020;Ägir;Decisive;Iron Blood;CB;25;Heavy;26;8056;288;257;206;53;0;16;170;0;;;134;0;;tank;
3044;Portland (Retrofit);Elite;Eagle Union;CA;78;Medium;26;5461;237;266;0;81;0;10;172;0;;;129;2;Indianapolis;;Best Sister Skill should be ignored when building a fleet around Portland
3119;London (Retrofit);Super Rare;Royal Navy;CA;62;Light;25;3924;236;302;226;84;0;11;167;0;;;140;2;;;Best Suited for Off Tank or Middle position due to her glass cannon nature
3122;Suffolk (Retrofit);Elite;Royal Navy;CA;72;Light;25;3834;276;212;248;67;0;10;167;0;;;120;4;;;
3125;York (Retrofit);Super Rare;Royal Navy;CA;15;Medium;25;4001;289;263;196;95;0;11;193;0;;;134;5;;;
3126;Exeter (Retrofit);Super Rare;Royal Navy;CA;49;Medium;25;4031;269;263;196;75;0;11;193;0;;;154;5;;;
3188;Mogami (Retrofit);Super Rare;Sakura Empire;CA;14;Medium;29;4724;267;237;205;83;0;11;190;0;;;132;3;;;
3190;Furutaka (Retrofit);Rare;Sakura Empire;CA;34;Medium;31;3798;248;179;238;78;0;9;171;0;;;114;7;;;
3191;Kako (Retrofit);Rare;Sakura Empire;CA;34;Medium;31;3798;248;179;238;78;0;9;171;0;;;114;7;;;
52;Nevada;Normal;Eagle Union;BB;75;Heavy;20;7140;383;206;0;26;0;12;134;0;;;70;7;;;
53;Oklahoma;Normal;Eagle Union;BB;38;Heavy;20;7121;383;206;0;26;0;12;134;0;;;70;7;;;
54;Pennsylvania;Rare;Eagle Union;BB;72;Heavy;21;7366;395;217;0;28;0;13;139;0;;;72;6;;flag;
55;Arizona;Elite;Eagle Union;BB;17;Heavy;21;7307;405;223;0;28;0;14;141;0;;;72;5;;mob;
58;Tennessee;Rare;Eagle Union;BB;51;Heavy;21;7561;396;215;0;29;0;13;141;0;;;71;7;;;
59;California;Rare;Eagle Union;BB;36;Heavy;21;7561;396;215;0;29;0;13;141;0;;;71;6;;;
60;Colorado;Elite;Eagle Union;BB;67;Heavy;21;7633;415;221;0;31;0;14;151;0;;;71;6;;flag;
61;Maryland;Elite;Eagle Union;BB;70;Heavy;21;7692;410;221;0;31;0;14;148;0;;;66;7;;flag;
62;West Virginia;Elite;Eagle Union;BB;61;Heavy;21;7633;415;221;0;31;0;14;151;0;;;72;6;;flag;
63;North Carolina;Super Rare;Eagle Union;BB;81;Heavy;28;8038;426;409;0;34;0;15;161;0;;;72;4;;;
64;Washington;Super Rare;Eagle Union;BB;89;Heavy;28;8271;426;409;0;34;0;15;161;0;;;72;3;;flag,mob;
65;South Dakota;Super Rare;Eagle Union;BB;76;Heavy;27;8221;419;409;0;34;0;15;161;0;;;74;5;;boss;
68;New Jersey;Ultra Rare;Eagle Union;BB;72;Heavy;33;9745;453;438;0;40;0;17;172;0;;;76;0;;;
10062;Honoka;Super Rare;Venus Vacation;BB;91;Heavy;26;8095;408;219;0;18;0;15;146;0;;;58;1;;flag,mob;
10065;Nagisa;Elite;Venus Vacation;BB;87;Heavy;30;7689;388;177;0;40;0;14;151;0;;;67;3;Misaki;flag,mob;
10073;Iori Minase;Super Rare;The Idolmaster;BB;77;Heavy;26;8000;426;384;0;36;0;15;151;0;;;57;1;;;
127;Renown;Elite;Royal Navy;BC;85;Medium;32;6356;381;282;0;38;0;13;158;0;;;74;5;;;
128;Repulse;Rare;Royal Navy;BC;28;Medium;31;6176;359;274;0;37;0;12;155;0;;;70;5;;;
129;Hood;Super Rare;Royal Navy;BC;38;Medium;31;8637;347;330;0;38;0;14;161;0;;;70;1;;flag;Mostly used for Solo farmer 1:1 fleet
130;Queen Elizabeth;Elite;Royal Navy;BB;25;Heavy;24;7690;408;217;0;34;0;14;147;0;;;70;3;Royal Navy;;
131;Warspite;Super Rare;Royal Navy;BB;90;Heavy;24;7968;431;224;0;34;0;15;161;0;;;78;0;;boss;
132;Nelson;Elite;Royal Navy;BB;66;Heavy;23;7836;412;223;0;34;0;14;151;0;;;72;6;;flag;
133;Rodney;Elite;Royal Navy;BB;81;Heavy;23;7811;412;223;0;32;0;14;151;0;;;72;6;;flag;
134;King George V;Super Rare;Royal Navy;BB;77;Heavy;28;8159;428;270;0;36;0;15;158;0;;;72;2;Royal Navy;flag;
135;Prince of Wales;Super Rare;Royal Navy;BB;19;Heavy;28;8155;428;235;0;36;0;15;158;0;;;71;2;Eagle Union;;
136;Duke of York;Super Rare;Royal Navy;BB;73;Heavy;28;8155;426;230;0;36;0;15;155;0;;;72;2;;boss;
149;Erebus;Elite;Royal Navy;BM;91;Light;12;3731;286;175;0;63;0;10;147;0;;;83;4;;flag;
150;Terror;Elite;Royal Navy;BM;19;Light;12;3731;286;175;0;63;0;10;147;0;;;83;5;;flag;
204;Kongou;Elite;Sakura Empire;BC;43;Medium;30;6762;372;279;0;38;0;14;161;0;;;72;6;Kongou-class;boss;
205;Hiei;Elite;Sakura Empire;BC;37;Medium;30;6762;372;279;0;38;0;14;162;0;;;70;6;;;
206;Haruna;Elite;Sakura Empire;BC;47;Medium;30;6762;365;279;0;38;0;14;161;0;;;70;6;;;
207;Kirishima;Elite;Sakura Empire;BC;37;Medium;30;6762;372;279;0;38;0;14;162;0;;;70;6;;;
208;Fusou;Rare;Sakura Empire;BB;13;Heavy;23;7081;395;227;0;32;0;13;140;0;;;68;5;;;
209;Yamashiro;Rare;Sakura Empire;BB;14;Heavy;23;7482;395;227;0;32;0;13;140;0;;;68;5;;;
210;Ise;Rare;Sakura Empire;BB;60;Heavy;23;7294;403;234;0;32;0;13;143;0;;;72;5;;;
211;Hyuuga;Rare;Sakura Empire;BB;60;Heavy;23;7294;403;234;0;32;0;13;143;0;;;72;4;;;
212;Nagato;Super Rare;Sakura Empire;BB;71;Heavy;25;8311;424;186;0;38;0;15;148;0;;;72;0;Sakura Empire;flag;
213;Mutsu;Elite;Sakura Empire;BB;34;Heavy;25;8084;415;189;0;36;0;14;147;0;;;73;3;;flag;
214;Kii;Super Rare;Sakura Empire;BB;39;Heavy;28;8134;426;375;287;38;0;15;147;0;;;73;1;Sakura Empire;flag,mob;
215;Tosa;Super Rare;Sakura Empire;BB;12;Heavy;26;8248;429;204;220;38;0;15;147;0;;;73;1;;;
248;Scharnhorst;Elite;Iron Blood;BC;43;Medium;31;7632;371;253;156;40;0;13;160;0;;;68;6;;;Used for PR Farming Early
249;Gneisenau;Elite;Iron Blood;BC;64;Medium;31;7632;371;253;156;40;0;13;160;0;;;68;6;;;Used for PR Farming Early
250;Bismarck;Super Rare;Iron Blood;BB;32;Heavy;30;8970;428;212;0;34;0;15;155;0;;;75;1;Iron Blood,Tirpitz,Iron Blood CV,Iron Blood CVL;flag;
251;Tirpitz;Super Rare;Iron Blood;BB;45;Heavy;30;8592;428;212;220;34;0;15;152;0;;;69;2;CL,CVL,BM,BBV;;
30005;Fusou META;Elite;META;BB;13;Heavy;23;7421;405;238;0;32;0;14;143;0;;;67;4;;;META fights?
320;Mikasa;Super Rare;Sakura Empire;BB;95;Heavy;18;5501;339;176;0;26;0;14;166;0;;;74;4;Sakura Empire,BB,BC;flag;
336;Abercrombie;Elite;Royal Navy;BM;38;Light;12;3869;290;186;0;63;0;10;150;0;;;83;5;;flag;
352;Dunkerque;Elite;Vichya Dominion;BC;35;Medium;31;6950;362;232;0;43;0;13;166;0;;;73;5;;flag;
353;Jean Bart;Super Rare;Vichya Dominion;BB;17;Heavy;32;8227;425;247;0;44;0;15;182;0;;;69;3;;;
354;Massachusetts;Super Rare;Eagle Union;BB;82;Heavy;27;7967;419;409;0;34;0;15;158;0;;;76;3;Eagle Union CA,Eagle Union BB;;
367;Amagi;Super Rare;Sakura Empire;BC;23;Medium;30;7837;426;191;216;42;0;15;150;0;;;70;1;Sakura Empire;flag;
368;Kaga (Battleship);Super Rare;Sakura Empire;BB;42;Heavy;26;8501;429;191;220;40;0;15;151;0;;;73;3;;flag;
383;Hiei-chan;Elite;Sakura Empire;BC;37;Medium;30;6609;368;253;170;41;0;14;162;0;;;70;7;;;
401;Alabama;Super Rare;Eagle Union;BB;86;Heavy;27;7967;424;417;0;34;0;15;156;0;;;66;2;;flag,mob;
410;Littorio;Super Rare;Sardegna Empire;BB;79;Heavy;30;8567;426;248;0;37;0;15;156;0;;;60;2;;flag;
411;Conte di Cavour;Rare;Sardegna Empire;BB;45;Heavy;27;6994;341;179;148;38;0;13;140;0;;;63;7;;;
412;Giulio Cesare;Elite;Sardegna Empire;BB;65;Heavy;27;7197;351;190;153;38;0;14;151;0;;;65;6;;;
418;Gascogne µ;Super Rare;Vichya Dominion;BB;0;Heavy;32;8035;434;242;0;38;0;15;170;0;;;73;1;μ;;
425;Suruga;Super Rare;Sakura Empire;BB;37;Heavy;28;8425;426;220;216;38;0;15;141;0;;;70;1;Sakura Empire;flag,mob;
437;Gangut;Elite;Northern Parliament;BB;85;Heavy;24;6645;328;177;0;34;0;14;151;0;;;63;5;Northern Parliament,DD;mob;
440;Sovetskaya Belorussiya;Super Rare;Northern Parliament;BB;46;Heavy;28;8459;434;220;0;36;0;15;158;0;;;78;1;;flag;Mob Focused
441;Sovetskaya Rossiya;Super Rare;Northern Parliament;BB;46;Heavy;28;8522;433;253;0;36;0;15;141;0;;;60;1;Northern Parliament,Dragon Empery;flag;
451;Little Renown;Elite;Royal Navy;BC;85;Medium;32;6470;349;309;0;42;0;13;155;0;;;70;3;Royal Navy;;
453;Richelieu;Super Rare;Iris Libre;BB;19;Heavy;32;8629;452;299;0;44;0;15;169;0;;;70;1;Iris Libre,Vichya Dominion;flag;
461;Howe;Super Rare;Royal Navy;BB;83;Heavy;28;8155;424;264;0;36;0;15;161;0;;;72;0;Royal Navy,BB,BC,BBV;boss;
464;Valiant;Elite;Royal Navy;BB;72;Heavy;24;7643;412;217;0;32;0;14;152;0;;;72;3;;boss;
500;Vittorio Veneto;Super Rare;Sardegna Empire;BB;80;Heavy;30;8693;434;248;0;37;0;15;161;0;;;60;0;Sardegna Empire;;
510;Amagi-chan;Elite;Sakura Empire;BC;23;Medium;30;7397;372;185;174;45;0;14;144;0;;;70;4;;;
Collab044;Super Gamer Kizuna AI;Super Rare;KizunaAI;BB;66;Heavy;26;7835;414;203;214;31;0;15;144;0;;;58;5;;flag;
Plan002;Monarch;Priority;Royal Navy;BB;15;Heavy;28;3156;432;235;0;36;0;16;170;0;;;68;1;;flag,boss;
Plan004;Izumo;Priority;Sakura Empire;BB;15;Heavy;28;8812;437;239;0;38;0;16;148;0;;;68;1;;flag;
Plan008;Georgia;Priority;Eagle Union;BB;15;Heavy;33;8486;445;418;0;31;0;16;166;0;;;75;0;;boss;
Plan011;Friedrich der Große;Decisive;Iron Blood;BB;25;Heavy;30;10122;458;246;0;28;0;19;159;0;;;67;0;;flag;
Plan012;Gascogne;Priority;Vichya Dominion;BB;15;Heavy;32;8047;439;247;0;37;0;16;170;0;;;73;0;;flag,mob;
Plan016;Odin;Priority;Iron Blood;BC;15;Heavy;30;7296;369;345;246;38;0;16;173;0;;;63;0;;;
Plan017;Champagne;Priority;Iris Libre;BB;15;Medium;32;7058;464;247;0;37;0;16;183;0;;;79;0;;;
Plan022;Marco Polo;Priority;Sardegna Empire;BB;15;Heavy;32;8621;441;264;0;41;0;16;158;0;;;66;1;;flag;
3052;Nevada (Retrofit);Rare;Eagle Union;BB;75;Heavy;20;7380;393;246;0;26;0;12;154;0;;;85;;;;
3053;Oklahoma (Retrofit);Rare;Eagle Union;BB;38;Heavy;20;7361;393;251;0;26;0;12;154;0;;;80;;;;
3131;Warspite (Retrofit);Ultra Rare;Royal Navy;BB;90;Heavy;24;8208;451;294;0;34;0;15;181;99;;;103;;;;
3208;Fusou (Retrofit);Elite;Sakura Empire;BBV;13;Heavy;23;7431;394;309;0;32;205;13;136;0;;;80;;;;
3209;Yamashiro (Retrofit);Elite;Sakura Empire;BBV;14;Heavy;23;7832;394;309;0;32;205;13;136;0;;;80;;;;
3210;Ise (Retrofit);Elite;Sakura Empire;BBV;60;Heavy;23;7413;394;380;0;32;278;13;134;0;;;89;;;;
3211;Hyuuga (Retrofit);Elite;Sakura Empire;BBV;60;Heavy;23;7413;394;380;0;32;278;13;134;0;;;89;;;;
70;Long Island;Rare;Eagle Union;CVL;68;Medium;16;4802;0;263;0;68;284;10;185;102;;;88;6;CV,CVL;;
71;Bogue;Normal;Eagle Union;CVL;78;Medium;18;4048;0;257;0;69;282;9;181;150;;;88;7;;;
72;Langley;Normal;Eagle Union;CVL;32;Medium;15;4566;0;251;0;83;207;9;125;97;;;83;7;CVL;aa;
73;Lexington;Elite;Eagle Union;CV;35;Medium;33;7072;0;310;0;58;402;12;112;0;;;95;5;;;
74;Saratoga;Elite;Eagle Union;CV;66;Medium;33;7072;0;310;0;58;402;12;112;0;;;95;2;;;
75;Ranger;Normal;Eagle Union;CVL;71;Medium;29;4892;0;253;0;76;244;9;132;109;;;92;6;;;
76;Yorktown;Elite;Eagle Union;CV;39;Medium;32;5933;0;324;0;56;401;12;123;0;;;98;5;;;
77;Enterprise;Super Rare;Eagle Union;CV;93;Medium;32;6339;0;337;0;64;435;13;134;0;;;110;0;;boss;
78;Hornet;Elite;Eagle Union;CV;15;Medium;32;5960;0;313;0;56;406;12;123;0;;;98;4;;;
79;Wasp;Rare;Eagle Union;CV;20;Medium;29;5010;0;278;0;53;334;11;119;0;;;90;7;Royal Navy;;
10066;Nyotengu;Elite;Venus Vacation;CV;88;Medium;32;6803;0;316;0;55;379;12;118;0;;;89;6;;;
10072;Chihaya Kisaragi;Super Rare;The Idolmaster;CV;72;Medium;31;6923;0;322;0;55;434;13;146;0;;;90;2;;mob;
140;Hermes;Normal;Royal Navy;CVL;41;Medium;25;4257;0;253;0;69;284;9;175;105;;;83;5;;;
142;Unicorn;Elite;Royal Navy;CVL;78;Medium;24;5464;0;274;0;68;311;11;183;110;;;86;1;;mob,healer;
143;Eagle;Elite;Royal Navy;CV;40;Medium;24;6341;218;314;0;48;375;12;114;0;;;92;4;;flag,mob;
144;Ark Royal;Elite;Royal Navy;CV;87;Medium;31;6251;0;314;0;55;405;12;119;0;;;104;1;;boss;
145;Illustrious;Super Rare;Royal Navy;CV;44;Heavy;30;6713;0;303;0;55;405;13;119;0;;;93;1;;boss,aa;
146;Victorious;Super Rare;Royal Navy;CV;82;Heavy;30;6409;0;295;0;55;415;13;105;0;;;92;4;;;
147;Formidable;Super Rare;Royal Navy;CV;75;Heavy;30;6634;0;295;0;53;419;13;119;0;;;92;1;;;
148;Glorious;Elite;Royal Navy;CV;32;Medium;30;6462;0;299;0;53;365;12;110;0;;;90;5;;;
218;Hiyou;Rare;Sakura Empire;CVL;43;Medium;25;5328;0;252;0;70;283;11;160;82;;;80;7;;;
219;Junyou;Rare;Sakura Empire;CVL;80;Medium;25;5328;0;252;0;70;283;11;160;80;;;80;7;;;
220;Houshou;Elite;Sakura Empire;CVL;79;Medium;25;3708;0;263;0;69;290;11;178;94;;;83;7;CV,CVL;;
222;Shouhou;Rare;Sakura Empire;CVL;24;Medium;28;4385;0;253;0;72;283;10;180;85;;;80;1;;mob,healer;
223;Ryuujou;Elite;Sakura Empire;CVL;42;Medium;28;4381;0;257;0;85;352;11;181;73;;;92;4;CV,CVL;;
224;Akagi;Super Rare;Sakura Empire;CV;42;Medium;31;6741;0;330;0;56;415;13;132;0;;;92;2;Kaga,Kaga (Battleship);;
225;Kaga;Super Rare;Sakura Empire;CV;42;Medium;28;6928;0;330;0;50;413;13;132;0;;;92;2;Akagi,Akagi-chan,Akagi μ;;
226;Souryuu;Elite;Sakura Empire;CV;36;Medium;34;5370;0;319;0;58;395;12;123;0;;;87;2;Hiryuu;;
227;Hiryuu;Elite;Sakura Empire;CV;36;Medium;34;5598;0;317;0;58;396;12;123;0;;;87;2;Souryuu;;
228;Shoukaku;Super Rare;Sakura Empire;CV;49;Medium;34;6885;0;357;0;58;417;13;121;0;;;90;2;Zuikaku;boss;
229;Zuikaku;Super Rare;Sakura Empire;CV;73;Medium;34;7360;0;330;0;59;420;13;121;0;;;90;2;Sakura Empire,Shoukaku;boss;
230;Taihou;Super Rare;Sakura Empire;CV;36;Heavy;33;7481;0;326;0;56;405;13;121;0;;;84;4;;;
231;Shinano;Ultra Rare;Sakura Empire;CV;32;Heavy;28;8818;0;324;0;50;443;15;128;0;;;80;0;DD,Sakura Empire,Sakura Empire CV,Sakura Empire CVL;;
252;Graf Zeppelin;Super Rare;Iron Blood;CV;45;Medium;33;7659;0;326;0;52;428;13;129;0;;;90;2;Iron Blood,Iron Blood DD;;
30001;Hiryuu META;Super Rare;META;CV;36;Medium;34;5794;0;316;0;60;429;14;140;0;;;91;2;;mob;
30002;Ark Royal META;Super Rare;META;CV;87;Medium;31;6459;0;325;0;53;425;14;116;0;;;105;2;;;
30004;Souryuu META;Super Rare;META;CV;36;Medium;34;5362;0;313;0;50;425;14;136;0;;;104;2;;;
356;Centaur;Super Rare;Royal Navy;CVL;73;Medium;28;6784;0;274;0;72;426;13;162;128;;;98;0;;;
357;Essex;Super Rare;Eagle Union;CV;90;Medium;33;6804;0;338;0;56;439;13;132;0;;;90;0;Eagle Union CV,Eagle Union CVL;;
376;Chaser;Elite;Royal Navy;CVL;82;Medium;18;4819;0;263;0;64;303;11;188;146;;;89;5;;;
377;Independence;Elite;Eagle Union;CVL;78;Medium;31;4910;0;274;0;85;314;11;185;110;;;91;0;Cleveland class,CV,CVL;mob;Cleveland class not necessary for good results post retro
378;Shangri-La;Super Rare;Eagle Union;CV;83;Medium;33;6804;0;338;0;56;436;13;132;0;;;93;1;;;
380;Bunker Hill;Super Rare;Eagle Union;CV;35;Medium;33;6767;0;316;0;56;430;13;132;0;;;85;2;Eagle Union BB;;Flexible for 3 CVs fleet made possible by New Jersey
384;Akagi-chan;Elite;Sakura Empire;CV;42;Medium;31;6395;0;318;0;56;399;12;126;0;;;92;5;Sakura Empire;;
385;Zeppy;Elite;Iron Blood;CV;45;Medium;33;7142;177;314;0;57;381;12;112;0;;;87;5;Iron Blood;flag;
403;Bataan;Elite;Eagle Union;CVL;65;Medium;31;5127;0;282;0;85;352;11;202;73;;;92;5;;;
419;Akagi µ;Super Rare;Sakura Empire;CV;42;Medium;31;6692;0;330;0;56;413;13;132;0;;;92;2;µ;mob;
426;Ryuuhou;Super Rare;Sakura Empire;CVL;70;Medium;26;5105;0;282;0;71;321;12;191;114;;;86;1;;mob,healer;
442;Intrepid;Super Rare;Eagle Union;CV;68;Medium;33;6792;0;338;0;56;436;13;132;0;;;87;1;;;
447;Casablanca;Rare;Eagle Union;CVL;65;Medium;19;4822;0;264;0;64;290;10;196;119;;;75;3;CV,CVL;mob;
458;Béarn;Elite;Iris Libre;CV;42;Medium;21;6407;177;314;259;37;381;12;112;0;;;87;3;;flag,mob;
459;Little Illustrious;Elite;Royal Navy;CV;44;Heavy;30;6084;0;272;0;55;385;12;112;0;;;87;5;;aa;
462;Perseus;Super Rare;Royal Navy;CVL;82;Medium;25;5673;0;270;0;73;331;12;171;146;;;89;0;;mob,healer;Can fill a multitude of fleets.
470;Chitose;Elite;Sakura Empire;CVL;57;Medium;29;4503;0;267;0;74;352;11;188;92;;;83;5;Sakura Empire CVL,CV;;
471;Chiyoda;Elite;Sakura Empire;CVL;57;Medium;29;4963;0;267;0;74;352;11;182;92;;;83;5;Sakura Empire CVL;;
473;Princeton;Elite;Eagle Union;CVL;49;Medium;31;4904;0;261;0;88;344;11;183;100;;;91;5;Eagle Union,Birmingham;;
474;Taihou µ;Super Rare;Sakura Empire;CV;36;Heavy;33;7361;0;316;0;56;405;13;121;0;;;78;4;µ;;
480;Illustrious µ;Super Rare;Royal Navy;CV;44;Heavy;30;6664;0;300;0;55;412;13;119;0;;;93;2;µ;boss,aa;
482;Peter Strasser;Super Rare;Iron Blood;CV;45;Medium;33;7659;0;316;0;52;428;13;141;0;;;104;2;Iron Blood;;
485;Weser;Elite;Iron Blood;CVL;30;Medium;32;4873;0;270;0;77;327;11;182;73;;;90;5;Iron Blood;;
502;Aquila;Super Rare;Sardegna Empire;CV;40;Medium;30;6358;0;371;0;46;403;13;129;0;;;104;0;;mob;Can fill a multitude of fleets and Roles
511;Ticonderoga;Super Rare;Eagle Union;CV;72;Medium;33;6779;0;338;0;56;438;13;132;0;;;90;2;CV,CVL;;
516;Little Enterprise;Elite;Eagle Union;CV;93;Medium;32;6037;0;305;0;56;410;12;118;0;;;97;4;;;
520;Katsuragi;Super Rare;Sakura Empire;CV;75;Medium;32;6223;0;316;0;56;424;13;121;0;;;96;3;Sakura Empire;;
Collab004;Vert;Elite;Neptunia;CV;93;Medium;28;5652;0;294;0;49;382;12;112;0;;;91;6;DD;;
Collab008;Green Heart;Super Rare;Neptunia;CV;95;Medium;28;5917;0;305;0;56;400;13;116;0;;;91;5;;;
Collab034;Uruuru;Elite;Utawarerumono;CVL;69;Light;26;4581;0;260;0;56;240;11;157;73;;;82;5;Saraana;;
Collab035;Saraana;Elite;Utawarerumono;CVL;96;Light;26;4581;0;260;0;56;240;11;157;73;;;82;5;Uruuru;;
Collab036;Fumiruiru;Elite;Utawarerumono;CV;43;Medium;32;5246;0;271;0;55;341;12;95;0;;;87;4;;;
Collab043;Anniversary Kizuna AI;Super Rare;KizunaAI;CV;66;Medium;32;6787;0;330;0;40;414;13;121;0;;;90;4;KizunaAI;;
Collab052;Tokino Sora;Super Rare;Hololive;CV;46;Medium;28;6775;0;344;0;50;424;13;124;0;;;105;3;Hololive;;
Collab056;Murasaki Shion;Elite;Hololive;CVL;85;Medium;26;5304;0;260;0;69;315;11;176;73;;;85;5;;;
Collab057;Ookami Mio;Elite;Hololive;CV;53;Medium;26;6527;0;294;0;49;379;12;118;0;;;105;4;;;
Plan019;Hakuryuu;Decisive;Sakura Empire;CV;25;Heavy;34;8549;0;330;0;59;462;17;128;0;;;99;0;;;
Plan021;August von Parseval;Priority;Iron Blood;CV;15;Medium;31;7402;0;334;0;49;439;14;121;0;;;111;0;;boss;
3070;Long Island (Retrofit);Elite;Eagle Union;CVL;68;Medium;16;5012;0;298;0;68;344;10;190;102;;;88;;;;
3071;Bogue (Retrofit);Rare;Eagle Union;CVL;78;Medium;18;4258;0;292;0;69;342;9;186;150;;;88;;;;
3072;Langley (Retrofit);Rare;Eagle Union;CVL;32;Medium;15;4806;0;286;0;83;267;9;130;97;;;83;;;;
3074;Saratoga (Retrofit);Super Rare;Eagle Union;CV;66;Medium;33;7282;0;360;0;58;447;12;132;0;;;95;;;;
3075;Ranger (Retrofit);Rare;Eagle Union;CVL;71;Medium;29;5132;0;288;0;76;304;9;137;109;;;92;;;;
3140;Hermes (Retrofit);Rare;Royal Navy;CVL;41;Medium;25;4467;0;303;0;69;304;9;195;105;;;83;;;;
3144;Ark Royal (Retrofit);Super Rare;Royal Navy;CV;87;Medium;31;6461;0;364;0;55;440;12;134;0;;;109;1;;;Flexible ship that can fill both DPS and Supportive roles in a variety of fleets.
3222;Shouhou (Retrofit);Elite;Sakura Empire;CVL;24;Medium;28;4625;0;288;0;72;343;10;185;85;;;80;1;;;Especially good at mob hunting
3226;Souryuu (Retrofit);Super Rare;Sakura Empire;CV;36;Medium;34;5580;0;369;0;68;430;12;143;0;;;87;3;Hiryuu;;
3227;Hiryuu (Retrofit);Super Rare;Sakura Empire;CV;36;Medium;34;5808;0;367;0;68;431;12;143;0;;;87;2;Souryuu;;
3377;Independence (Retrofit);Super Rare;Eagle Union;CVL;78;Medium;31;5120;0;344;0;85;334;11;205;110;;;91;1;CV,CVL,Cleveland class;;Aviation Buffer
10076;Ami Futami;Elite;The Idolmaster;SS;74;Light;23;1542;49;0;518;43;0;6;118;0;;;207;;;;
10077;Mami Futami;Elite;The Idolmaster;SS;74;Light;23;1542;49;0;518;43;0;6;118;0;;;207;;;;
338;I-19;Super Rare;Sakura Empire;SS;19;Light;18;2218;60;0;556;46;0;7;112;0;;;175;;;;
339;I-26;Elite;Sakura Empire;SS;26;Light;18;2118;61;0;526;46;0;6;110;0;;;168;;;;
340;I-58;Elite;Sakura Empire;SS;58;Light;14;2131;60;0;509;38;0;6;80;0;;;173;;;;
341;U-81;Super Rare;Iron Blood;SS;50;Light;14;1292;44;0;509;38;0;6;85;0;;;177;;;;
342;Dace;Elite;Eagle Union;SS;68;Light;16;1733;72;0;509;43;0;6;91;0;;;183;;;;
343;U-47;Super Rare;Iron Blood;SS;32;Light;14;1328;49;0;537;38;0;7;112;0;;;182;;;;
344;U-557;Elite;Iron Blood;SS;18;Light;14;1292;44;0;505;38;0;6;85;0;;;171;;;;
350;Surcouf;Elite;Iris Libre;SS;60;Light;14;2887;141;0;515;23;0;6;77;0;;;171;;;;
358;Albacore;Super Rare;Eagle Union;SS;79;Light;16;1971;61;0;532;43;0;7;96;0;;;198;2;;;
381;I-13;Super Rare;Sakura Empire;SSV;20;Light;13;2722;50;0;520;38;256;7;110;0;;;176;;;;
386;U-556;Elite;Iron Blood;SS;45;Light;14;1292;39;0;505;38;0;6;85;0;;;182;;;;
387;U-73;Elite;Iron Blood;SS;35;Light;14;1281;46;0;529;38;0;6;85;0;;;171;;;;
396;I-25;Elite;Sakura Empire;SS;25;Light;18;1993;66;0;520;46;0;6;71;0;;;182;;;;
397;I-56;Elite;Sakura Empire;SS;46;Light;14;2131;60;0;508;38;0;6;63;0;;;170;;;;
398;I-168;Super Rare;Sakura Empire;SS;22;Light;18;2041;66;0;546;44;0;7;117;0;;;177;;;;
399;U-101;Super Rare;Iron Blood;SS;68;Light;14;1328;48;0;537;38;0;7;112;0;;;180;;;;
400;U-522;Elite;Iron Blood;SS;22;Light;14;1533;44;0;511;38;0;6;85;0;;;182;;;;
402;Cavalla;Super Rare;Eagle Union;SS;78;Light;16;1945;66;0;531;43;0;7;94;0;;;197;2;;;
416;U-110;Elite;Iron Blood;SS;28;Light;14;1498;48;0;505;38;0;6;83;0;;;182;;;;
446;Bluegill;Elite;Eagle Union;SS;65;Light;16;1733;72;0;505;43;0;6;88;0;;;180;;;;
467;U-96;Super Rare;Iron Blood;SS;62;Light;14;1338;53;0;543;38;0;7;110;0;188;;188;;;;
477;Albacore µ;Elite;Eagle Union;SS;79;Light;16;1888;60;0;514;43;0;6;93;0;;;198;;;;
484;U-37;Super Rare;Iron Blood;SS;72;Light;14;1590;46;0;547;38;0;7;112;0;;;182;;;;
492;U-410;Elite;Iron Blood;SS;50;Light;14;1292;44;0;509;38;0;6;85;0;;;177;;;;
503;Torricelli;Elite;Sardegna Empire;SS;16;Light;14;1555;39;0;505;38;0;6;85;0;;;182;;;;
513;Archerfish;Super Rare;Eagle Union;SS;90;Light;16;1971;66;0;537;43;0;7;96;0;;;197;0;Eagle Union SS;;Her presence turns the decent Eagle Union Subs into Killing Machines
519;Nautilus;Elite;Eagle Union;SS;69;Light;13;2518;115;0;505;38;0;6;93;0;;;198;;;;
Collab053;Minato Aqua;Super Rare;Hololive;SS;64;Light;18;1722;66;0;545;45;0;8;109;0;;;182;1;SS;;
80;Vestal;Elite;Eagle Union;AR;79;Light;16;4733;50;155;0;45;0;10;171;0;;;111;0;;healer,aa;
10075;Ritsuko Akizuki;Elite;The Idolmaster;AE;85;Medium;25;4425;70;177;0;64;0;10;218;0;;;235;3;The Idolmaster;;
232;Akashi;Super Rare;Sakura Empire;AR;53;Light;19;4223;44;164;0;47;0;11;183;0;;;110;0;;healer,aa;
472;Kashino;Elite;Sakura Empire;AE;58;Light;14;5099;74;137;0;53;0;10;207;0;;;220;4;Sakura Empire;boss;
10082;Akane Shinjo;Super Rare;SSSS;BB;55;Heavy;26;7820;434;360;0;36;0;15;157;0;0;0;66;1;;flag;
10087;Mujina;Elite;SSSS;BB;55;Heavy;30;7766;399;197;0;40;0;14;138;0;0;0;62;4;;;
10086;Chise Asukagawa;Super Rare;SSSS;CV;55;Medium;28;7175;0;316;0;50;408;13;146;0;0;0;90;0;;mob;
526;Elbe;Elite;Iron Blood;CVL;30;Medium;21;5076;0;274;0;64;334;11;188;73;0;0;86;3;;;
30007;Gneisenau META;Super Rare;META;BC;64;Medium;31;7607;394;291;170;35;0;15;166;0;0;0;65;2;;;
10081;Rikka Takarada;Super Rare;SSSS;CL;55;Light;35;4655;181;395;374;121;0;11;195;165;0;0;163;0;Namiko,Hass;;
10083;Hass;Elite;SSSS;CL;55;Light;33;3653;142;348;290;120;0;10;181;144;0;0;166;5;;;
30006;Hiyou META;Elite;META;CVL;43;Medium;26;6665;0;294;0;81;330;13;195;78;0;0;115;6;Junyou;;
525;Magdeburg;Super Rare;Iron Blood;CL;50;Light;36;3748;190;385;317;127;0;11;207;149;0;0;168;3;;;
10084;Namiko;Elite;SSSS;CA;55;Medium;24;4111;240;213;218;40;0;11;181;0;0;0;131;5;;;
10085;Yume Minami;Super Rare;SSSS;CA;55;Medium;25;5361;251;252;0;76;0;12;189;0;0;0;154;0;;tank,mob;
527;Prinz Adalbert;Super Rare;Iron Blood;CA;50;Medium;26;6146;303;220;259;68;0;12;185;0;0;0;138;1;;tank;
528;U-1206;Elite;Iron Blood;SS;20;Light;18;1289;46;0;505;38;0;6;86;0;198;2;180;3;Iron Blood;;
529;Ulrich von Hutten;Ultra Rare;Iron Blood;BB;50;Heavy;30;9741;454;257;0;28;0;17;180;0;0;0;69;0;;;
